{
  "ADAMW": {
    "epochs": 3,
    "best_val_dpo_loss": 0.4758093175221616,
    "best_val_preference_accuracy": 0.7485226526592252,
    "best_val_reward_margin": 1.9097753250067004,
    "final_train_optimizer_time_ms": 3.6294568988534746,
    "final_optimizer_state_mb": 8.2503662109375
  },
  "RMSPROP": {
    "epochs": 3,
    "best_val_dpo_loss": 0.48100175859108374,
    "best_val_preference_accuracy": 0.7426132632961261,
    "best_val_reward_margin": 1.4216233547116945,
    "final_train_optimizer_time_ms": 3.9799643612960094,
    "final_optimizer_state_mb": 4.1253662109375
  },
  "LION": {
    "epochs": 3,
    "best_val_dpo_loss": 0.4900954122657538,
    "best_val_preference_accuracy": 0.7409717662508207,
    "best_val_reward_margin": 2.072163659521914,
    "final_train_optimizer_time_ms": 6.9038721958158815,
    "final_optimizer_state_mb": 4.125
  },
  "SGD": {
    "epochs": 3,
    "best_val_dpo_loss": 0.5158311721827258,
    "best_val_preference_accuracy": 0.7258699934340118,
    "best_val_reward_margin": 0.835425884291784,
    "final_train_optimizer_time_ms": 2.8186298889547627,
    "final_optimizer_state_mb": 4.125
  }
}